<?xml version="1.0" encoding="UTF-8" standalone="no"?>
<manifest   identifier="CEPA_SCORM2004" version="1.0"
			xmlns="http://www.imsglobal.org/xsd/imscp_v1p1"
			xmlns:adlcp="http://www.adlnet.org/xsd/adlcp_v1p3"
			xmlns:adlseq="http://www.adlnet.org/xsd/adlseq_v1p3"
			xmlns:adlnav="http://www.adlnet.org/xsd/adlnav_v1p3"
			xmlns:imsss="http://www.imsglobal.org/xsd/imsss"
			xmlns:xsi="http://www.w3.org/2001/XMLSchema-instance"
			xsi:schemaLocation="http://www.imsglobal.org/xsd/imscp_v1p1 imscp_v1p1.xsd
			http://www.imsglobal.org/xsd/imsss imsss_v1p0.xsd
			http://www.adlnet.org/xsd/adlcp_v1p3 adlcp_v1p3.xsd
			http://www.adlnet.org/xsd/adlseq_v1p3 adlseq_v1p3.xsd
			http://www.adlnet.org/xsd/adlnav_v1p3 adlnav_v1p3.xsd" >
<metadata>
	<schema>ADL SCORM</schema>
	<schemaversion>2004 3rd Edition</schemaversion>
</metadata>
<organizations default="CEPA">
	<organization identifier="CEPA">
		<title>Derivadas parciais</title>
		<item identifier="item1" identifierref="item1_resource">
			<title>Experimentos sobre derivadas parciais</title>
		</item>
	</organization>
</organizations>
<resources>
	<resource identifier="item1_resource" adlcp:scormType="sco" href="index.html" type="webcontent">
	<file href="./css"/>
	<file href="./css/ai.css"/>
	<file href="./css/sidebar.css"/>
	<file href="./css/smoothness"/>
	<file href="./css/smoothness/images"/>
	<file href="./css/smoothness/images/ui-bg_flat_0_aaaaaa_40x100.png"/>
	<file href="./css/smoothness/images/ui-bg_flat_75_ffffff_40x100.png"/>
	<file href="./css/smoothness/images/ui-bg_glass_55_fbf9ee_1x400.png"/>
	<file href="./css/smoothness/images/ui-bg_glass_65_ffffff_1x400.png"/>
	<file href="./css/smoothness/images/ui-bg_glass_75_dadada_1x400.png"/>
	<file href="./css/smoothness/images/ui-bg_glass_75_e6e6e6_1x400.png"/>
	<file href="./css/smoothness/images/ui-bg_glass_95_fef1ec_1x400.png"/>
	<file href="./css/smoothness/images/ui-bg_highlight-soft_75_cccccc_1x100.png"/>
	<file href="./css/smoothness/images/ui-icons_222222_256x240.png"/>
	<file href="./css/smoothness/images/ui-icons_2e83ff_256x240.png"/>
	<file href="./css/smoothness/images/ui-icons_454545_256x240.png"/>
	<file href="./css/smoothness/images/ui-icons_888888_256x240.png"/>
	<file href="./css/smoothness/images/ui-icons_cd0a0a_256x240.png"/>
	<file href="./css/smoothness/jquery-ui-1.8.13.custom.css"/>
	<file href="./images/bar-left-green.png"/>
	<file href="./images/bar-right-green.png"/>
	<file href="./images/img01.png"/>
	<file href="./images/img02.png"/>
	<file href="./images/img03.png"/>
	<file href="./images/img04.png"/>
	<file href="./images/img05.png"/>
	<file href="./images/img06.png"/>
	<file href="./images/img07.png"/>
	<file href="./images/img08.png"/>
	<file href="./images/img09.png"/>
	<file href="./images/img10.png"/>
	<file href="./images/img11.png"/>
	<file href="./images/img12.png"/>
	<file href="./images/img13.png"/>
	<file href="./images/img14.png"/>
	<file href="./images/img15.png"/>
	<file href="./images/img16.png"/>
	<file href="./images/img17.png"/>
	<file href="./images/img18.png"/>
	<file href="./images/img19.png"/>
	<file href="./images/img20.png"/>
	<file href="./images/img21.png"/>
	<file href="./images/img22.png"/>
	<file href="./images/img23.png"/>
	<file href="./images/img24.png"/>
	<file href="./images/img25.png"/>
	<file href="./images/img26.png"/>
	<file href="./images/img27.png"/>
	<file href="./images/img28.png"/>
	<file href="./images/img29.png"/>
	<file href="./images/img30.png"/>
	<file href="./images/img31.png"/>
	<file href="./images/img32.png"/>
	<file href="./images/img33.png"/>
	<file href="./images/img34.png"/>
	<file href="./images/img35.png"/>
	<file href="./images/img39.png"/>
	<file href="./images/img40.png"/>
	<file href="./images/img41.png"/>
	<file href="./images/img42.png"/>
	<file href="./images/img43.png"/>
	<file href="./images/img44.png"/>
	<file href="./images/img45.png"/>
	<file href="./images/img46.png"/>
	<file href="./images/img47.png"/>
	<file href="./images/img48.png"/>
	<file href="./images/img49.png"/>
	<file href="./images/img50.png"/>
	<file href="./images/img51.png"/>
	<file href="./images/img52.png"/>
	<file href="./imsmanifest.xml"/>
	<file href="./index.html"/>
	<file href="./js/ai.js"/>
	<file href="./js/dialog_custom.js"/>
	<file href="./js/jquery-1.4.2.min.js"/>
	<file href="./js/jquery-swfobject.min.js"/>
	<file href="./js/frame_transition.js"/>
	<file href="./js/hooks.js"/>
	<file href="./js/jquery-ui-1.8.13.custom.min.js"/>
	<file href="./js/jquery.dialogextend.js"/>
	<file href="./js/scorm_srapper.min.js"/>
	<file href="./swf/AI-0121.swf"/>
	<file href="./swf/expressInstall.swf"/>
	</resource>
</resources>
</manifest>
